Workbook

Sheet Monthly Totals
B2: Monthly Totals
B4: Ridership by Operator
B5: NY Waterway | C5: ='NYWW (Port Imperial FC)'!F41 -> 428931
B6: SeaStreak | C6: =SeaStreak!F40 -> 53764
B7: New York Water Taxi | C7: ='New York Water Taxi'!E42 -> 6972
B8: Liberty Landing Ferry | C8: ='Liberty Landing Ferry'!C40 -> 13321
B9: NYC Ferry | C9: ='NYC Ferry'!F42 -> 541631
B10: Total | C10: =SUM(C5:C9) -> 1044619
B12: Ridership by (DOT-Owned) Landing
B13: Pier 11 | C13: =SUM('NYC Ferry'!I42,'NYWW (Port Imperial FC)'!I41,SeaStreak!I40,'New York Water Taxi'!H42,'Liberty Landing Ferry'!F40) -> 157747
B14: BMB Slip 5 | C14: =SUM('NYC Ferry'!J42,'NYWW (Port Imperial FC)'!J41,SeaStreak!J40,'New York Water Taxi'!I42,'Liberty Landing Ferry'!G40) -> 162312
B15: Pier 79 | C15: =SUM('NYC Ferry'!K42,'NYWW (Port Imperial FC)'!K41,SeaStreak!K40,'New York Water Taxi'!J42,'Liberty Landing Ferry'!H40) -> 152558
B16: East 34th Street | C16: =SUM('NYC Ferry'!L42,'NYWW (Port Imperial FC)'!L41,SeaStreak!L40,'New York Water Taxi'!K42,'Liberty Landing Ferry'!I40) -> 107260
B17: Total | C17: =SUM(C13:C16) -> 579877
B19: Average Weekday Ridership by Operator* | C19: =AVERAGE('NYC Ferry'!F44,'NYWW (Port Imperial FC)'!F43,SeaStreak!F42,'New York Water Taxi'!E44,'Liberty Landing Ferry'!C42) -> 5750.6636
B24: Monthly Weekday Totals** | C24: =SUM('NYC Ferry'!F43,'NYWW (Port Imperial FC)'!F42,SeaStreak!F41,'New York Water Taxi'!E43,'Liberty Landing Ferry'!C41) -> 632573
B25: Number of Weekdays in Month | C25: 22
B26: Weekday (Daily) Average - All Operators*** | C26: =C24/C25 -> 28753.318
B30: * Average of Each Operator's Average Weekday Passenger Count
B31: ** Sum of Each Operator's Monthly Weekday Total Passenger Count
B32: *** Sum of Operator's Weekday Totals / Number of Weekdays in Month

Sheet NYC Ferry
A1: Weekdays | C1: East River | J1: Rockaway | M1: South Brooklyn | T1: Astoria | AA1: Soundview | AF1: St. George | AI1: Governor's Island | AK1: Total
A2: Day | B2: Date | C2: Wall St Pier 11 | D2: Dumbo BBP Pier 1 | E2: South Williamsburg | F2: North Williamsburg | G2: Greenpoint | H2: Hunters Point South | I2: East 34th Street | J2: Wall St Pier 11 | K2: Sunset Park BAT | L2: Rockaway | M2: Wall St Pier 11 | N2: Dumbo BBP Pier 1 | O2: Atlantic Ave BBP Pier 6 | P2: Red Hook Atlantic Basin | Q2: Sunset Park BAT | R2: Bay Ridge | S2: Corlears Hook | T2: Wall St Pier 11 | U2: Brooklyn Navy Yard | V2: East 34th Stree | W2: Long Island City | X2: Roosevelt Island | Y2: Astoria | Z2: East 90th St | AA2: Wall St Pier 11 | AB2: East 34th Street | AC2: East 90th St | AD2: Soundview | AE2: Stuyvesant Cove | AF2: SG Battery Park City Vesey St | AG2: SG Midtown West W 39th St Pier 79 | AH2: SG St George | AI2: Wall St Pier 11 | AJ2: Yankee Pier
A3: Wednesday | B3: 44440 | C3: 306 | D3: 245 | E3: 205 | F3: 418 | H3: 224 | I3: 529 | J3: 318 | K3: 116 | L3: 275 | M3: 190 | N3: 45 | O3: 94 | P3: 74 | Q3: 40 | R3: 69 | S3: 33 | T3: 206 | U3: 196 | V3: 369 | W3: 317 | X3: 173 | Y3: 278 | Z3: 163 | AA3: 238 | AB3: 200 | AC3: 215 | AD3: 342 | AE3: 101 | AF3: 76 | AG3: 116 | AH3: 173 | AK3: =SUM(C3:AJ3) -> 6344
A4: Thursday | B4: 44441 | C4: 922 | D4: 991 | E4: 409 | F4: 1107 | H4: 689 | I4: 1299 | J4: 632 | K4: 190 | L4: 523 | M4: 475 | N4: 278 | O4: 317 | P4: 126 | Q4: 86 | R4: 198 | S4: 86 | T4: 596 | U4: 311 | V4: 740 | W4: 701 | X4: 573 | Y4: 795 | Z4: 566 | AA4: 549 | AB4: 429 | AC4: 479 | AD4: 617 | AE4: 221 | AF4: 159 | AG4: 250 | AH4: 297 | AK4: =SUM(C4:AJ4) -> 15611
A5: Friday | B5: 44442 | C5: 1265 | D5: 1537 | E5: 515 | F5: 1386 | H5: 943 | I5: 1524 | J5: 1220 | K5: 294 | L5: 1143 | M5: 704 | N5: 397 | O5: 459 | P5: 278 | Q5: 121 | R5: 421 | S5: 174 | T5: 737 | U5: 334 | V5: 661 | W5: 855 | X5: 577 | Y5: 844 | Z5: 567 | AA5: 688 | AB5: 457 | AC5: 610 | AD5: 901 | AE5: 275 | AF5: 214 | AG5: 308 | AH5: 487 | AK5: =SUM(C5:AJ5) -> 20896
A6: Monday | B6: 44445 | C6: 768 | E6: 357 | F6: 1019 | H6: 603 | I6: 1233 | J6: 823 | K6: 241 | L6: 838 | M6: 433 | O6: 184 | P6: 135 | Q6: 107 | R6: 213 | S6: 88 | T6: 412 | U6: 295 | V6: 614 | W6: 615 | X6: 426 | Y6: 524 | Z6: 430 | AA6: 508 | AB6: 383 | AC6: 454 | AD6: 697 | AE6: 238 | AF6: 184 | AG6: 273 | AH6: 391 | AK6: =SUM(C6:AJ6) -> 13486
A7: Tuesday | B7: 44446 | C7: 788 | E7: 454 | F7: 1246 | H7: 728 | I7: 1442 | J7: 652 | K7: 217 | L7: 662 | M7: 504 | O7: 264 | P7: 159 | Q7: 85 | R7: 210 | S7: 96 | T7: 425 | U7: 328 | V7: 600 | W7: 684 | X7: 300 | Y7: 500 | Z7: 380 | AA7: 489 | AB7: 357 | AC7: 431 | AD7: 660 | AE7: 194 | AF7: 209 | AG7: 322 | AH7: 443 | AK7: =SUM(C7:AJ7) -> 13829
A8: Wednesday | B8: 44447 | C8: 775 | E8: 345 | F8: 1101 | H8: 578 | I8: 1279 | J8: 582 | K8: 191 | L8: 527 | M8: 505 | O8: 248 | P8: 186 | Q8: 79 | R8: 217 | S8: 54 | T8: 506 | U8: 297 | V8: 654 | W8: 625 | X8: 368 | Y8: 572 | Z8: 401 | AA8: 500 | AB8: 403 | AC8: 486 | AD8: 718 | AE8: 217 | AF8: 188 | AG8: 252 | AH8: 417 | AK8: =SUM(C8:AJ8) -> 13271
A9: Thursday | B9: 44448 | C9: 766 | E9: 959 | F9: 880 | H9: 847 | I9: 1154 | J9: 576 | K9: 217 | L9: 573 | M9: 537 | O9: 548 | P9: 157 | Q9: 443 | R9: 241 | S9: 97 | T9: 387 | U9: 418 | V9: 630 | W9: 553 | X9: 506 | Y9: 542 | Z9: 332 | AA9: 431 | AB9: 333 | AC9: 343 | AD9: 588 | AE9: 202 | AF9: 145 | AG9: 225 | AH9: 304 | AK9: =SUM(C9:AJ9) -> 13934
A10: Friday | B10: 44449 | C10: 1214 | E10: 1109 | F10: 1344 | H10: 1077 | I10: 1572 | J10: 695 | K10: 230 | L10: 621 | M10: 619 | O10: 553 | P10: 215 | Q10: 393 | R10: 289 | S10: 114 | T10: 582 | U10: 401 | V10: 724 | W10: 779 | X10: 448 | Y10: 628 | Z10: 493 | AA10: 537 | AB10: 347 | AC10: 496 | AD10: 629 | AE10: 264 | AF10: 244 | AG10: 229 | AH10: 387 | AK10: =SUM(C10:AJ10) -> 17233
A11: Monday | B11: 44452 | C11: 845 | E11: 361 | F11: 1003 | H11: 612 | I11: 1165 | J11: 976 | K11: 237 | L11: 929 | M11: 525 | O11: 222 | P11: 139 | Q11: 81 | R11: 202 | S11: 57 | T11: 546 | U11: 342 | V11: 695 | W11: 651 | X11: 370 | Y11: 574 | Z11: 415 | AA11: 609 | AB11: 386 | AC11: 458 | AD11: 709 | AE11: 233 | AF11: 196 | AG11: 242 | AH11: 392 | AK11: =SUM(C11:AJ11) -> 14172
A12: Tuesday | B12: 44453 | C12: 815 | E12: 438 | F12: 1153 | H12: 706 | I12: 1379 | J12: 701 | K12: 238 | L12: 650 | M12: 524 | O12: 268 | P12: 167 | Q12: 117 | R12: 243 | S12: 86 | T12: 523 | U12: 345 | V12: 774 | W12: 661 | X12: 426 | Y12: 623 | Z12: 409 | AA12: 622 | AB12: 412 | AC12: 552 | AD12: 717 | AE12: 264 | AF12: 176 | AG12: 267 | AH12: 376 | AK12: =SUM(C12:AJ12) -> 14632
A13: Wednesday | B13: 44454 | C13: 891 | E13: 382 | F13: 1167 | H13: 497 | I13: 1359 | J13: 993 | K13: 262 | L13: 941 | M13: 553 | O13: 237 | P13: 164 | Q13: 94 | R13: 266 | S13: 132 | T13: 561 | U13: 369 | V13: 753 | W13: 691 | X13: 472 | Y13: 669 | Z13: 450 | AA13: 624 | AB13: 364 | AC13: 592 | AD13: 740 | AE13: 243 | AF13: 166 | AG13: 290 | AH13: 400 | AK13: =SUM(C13:AJ13) -> 15322
A14: Thursday | B14: 44455 | C14: 838 | E14: 424 | F14: 1119 | H14: 687 | I14: 1241 | J14: 573 | K14: 207 | L14: 580 | M14: 548 | O14: 338 | P14: 163 | Q14: 103 | R14: 322 | S14: 82 | T14: 530 | U14: 325 | V14: 732 | W14: 708 | X14: 398 | Y14: 585 | Z14: 402 | AA14: 533 | AB14: 337 | AC14: 443 | AD14: 646 | AE14: 221 | AF14: 159 | AG14: 248 | AH14: 356 | AK14: =SUM(C14:AJ14) -> 13848
A15: Friday | B15: 44456 | C15: 971 | E15: 459 | F15: 1177 | H15: 580 | I15: 1275 | J15: 545 | K15: 222 | L15: 471 | M15: 541 | O15: 299 | P15: 171 | Q15: 78 | R15: 158 | S15: 94 | T15: 378 | U15: 314 | V15: 628 | W15: 712 | X15: 396 | Y15: 576 | Z15: 432 | AA15: 521 | AB15: 347 | AC15: 415 | AD15: 629 | AE15: 226 | AF15: 227 | AG15: 199 | AH15: 350 | AK15: =SUM(C15:AJ15) -> 13391
A16: Monday | B16: 44459 | C16: 768 | E16: 357 | F16: 1019 | H16: 603 | I16: 1233 | J16: 823 | K16: 241 | L16: 838 | M16: 433 | O16: 184 | P16: 135 | Q16: 107 | R16: 213 | S16: 88 | T16: 412 | U16: 295 | V16: 614 | W16: 615 | X16: 426 | Y16: 524 | Z16: 430 | AA16: 508 | AB16: 383 | AC16: 454 | AD16: 697 | AE16: 238 | AF16: 184 | AG16: 273 | AH16: 391 | AK16: =SUM(C16:AJ16) -> 13486
A17: Tuesday | B17: 44460 | C17: 788 | E17: 454 | F17: 1246 | H17: 728 | I17: 1442 | J17: 652 | K17: 217 | L17: 662 | M17: 504 | O17: 264 | P17: 159 | Q17: 85 | R17: 210 | S17: 96 | T17: 425 | U17: 328 | V17: 600 | W17: 684 | X17: 300 | Y17: 500 | Z17: 380 | AA17: 489 | AB17: 357 | AC17: 431 | AD17: 660 | AE17: 194 | AF17: 209 | AG17: 322 | AH17: 443 | AK17: =SUM(C17:AJ17) -> 13829
... A24: Thursday | B24: 44469 | C24: 766 | E24: 430 | F24: 1011 | H24: 514 | I24: 1283 | J24: 586 | K24: 245 | L24: 520 | M24: 473 | O24: 298 | P24: 150 | Q24: 96 | R24: 184 | S24: 84 | T24: 474 | U24: 343 | V24: 716 | W24: 609 | X24: 365 | Y24: 581 | Z24: 415 | AA24: 471 | AB24: 374 | AC24: 404 | AD24: 648 | AE24: 189 | AF24: 228 | AG24: 281 | AH24: 391 | AK24: =SUM(C24:AJ24) -> 13129
A25: Totals | C25: =SUM(C3:C24) -> 18350 | D25: =SUM(D3:D24) -> 2773 | E25: =SUM(E3:E24) -> 11125 | F25: =SUM(F3:F24) -> 23817 | G25: =SUM(G3:G24) -> 0 | H25: =SUM(H3:H24) -> 14741 | I25: =SUM(I3:I24) -> 27936 | J25: =SUM(J3:J24) -> 14964 | ... AK25: =SUM(AK3:AK24) -> 309165
A28: Weekend | C28: East River | J28: Rockaway | M28: South Brooklyn | T28: Astoria | AA28: Soundview | AF28: St. George | AI28: Governor's Island | AK28: Total
A29: Day | B29: Date | C29: Wall St Pier 11 | D29: Dumbo BBP Pier 1 | E29: South Williamsburg | F29: North Williamsburg | G29: Greenpoint | H29: Hunters Point South | I29: East 34th Street | J29: Wall St Pier 11 | K29: Sunset Park BAT | L29: Rockaway | M29: Wall St Pier 11 | N29: Dumbo BBP Pier 1 | O29: Atlantic Ave BBP Pier 6 | P29: Red Hook Atlantic Basin | Q29: Sunset Park BAT | R29: Bay Ridge | S29: Corlears Hook | T29: Wall St Pier 11 | U29: Brooklyn Navy Yard | V29: East 34th Stree | W29: Long Island City | X29: Roosevelt Island | Y29: Astoria | Z29: East 90th St | AA29: Wall St Pier 11 | AB29: East 34th Street | AC29: East 90th St | AD29: Soundview | AE29: Stuyvesant Cove | AF29: SG Battery Park City Vesey St | AG29: SG Midtown West W 39th St Pier 79 | AH29: SG St George | AI29: Wall St Pier 11 | AJ29: Yankee Pier
A30: Saturday | B30: 44443 | C30: 2151 | D30: 2705 | E30: 614 | F30: 2727 | H30: 1582 | I30: 2113 | J30: 2731 | K30: 488 | L30: 3472 | M30: 1234 | N30: 1085 | O30: 660 | P30: 533 | Q30: 213 | R30: 865 | S30: 378 | T30: 1382 | U30: 377 | V30: 795 | W30: 1346 | X30: 972 | Y30: 1272 | Z30: 1062 | AA30: 1303 | AB30: 551 | AC30: 1087 | AD30: 983 | AE30: 421 | AF30: 340 | AG30: 459 | AH30: 740 | AI30: 759 | AJ30: 522 | AK30: =SUM(C30:AJ30) -> 37922
A31: Sunday | B31: 44444 | C31: 1364 | D31: 1878 | E31: 640 | F31: 1264 | H31: 835 | I31: 1401 | J31: 1102 | K31: 210 | L31: 1172 | M31: 772 | N31: 678 | O31: 390 | P31: 263 | Q31: 140 | R31: 483 | S31: 128 | T31: 861 | U31: 220 | V31: 526 | W31: 812 | X31: 733 | Y31: 747 | Z31: 671 | AA31: 698 | AB31: 272 | AC31: 553 | AD31: 455 | AE31: 254 | AF31: 285 | AG31: 391 | AH31: 535 | AI31: 526 | AJ31: 411 | AK31: =SUM(C31:AJ31) -> 21670
A32: Saturday | B32: 44450 | C32: 1943 | E32: 267 | F32: 2920 | H32: 1345 | I32: 2433 | J32: 1848 | K32: 389 | L32: 2237 | M32: 1027 | O32: 627 | P32: 432 | Q32: 209 | R32: 759 | S32: 364 | T32: 1061 | U32: 319 | V32: 806 | W32: 1139 | X32: 859 | Y32: 1150 | Z32: 975 | AA32: 999 | AB32: 560 | AC32: 1099 | AD32: 715 | AE32: 451 | AF32: 312 | AG32: 518 | AH32: 680 | AI32: 591 | AJ32: 521 | AK32: =SUM(C32:AJ32) -> 29555
A33: Sunday | B33: 44451 | C33: 1456 | E33: 601 | F33: 1715 | H33: 1233 | I33: 1638 | J33: 2477 | K33: 457 | L33: 2938 | M33: 826 | O33: 518 | P33: 296 | Q33: 217 | R33: 662 | S33: 334 | T33: 914 | U33: 234 | V33: 679 | W33: 958 | X33: 763 | Y33: 926 | Z33: 784 | AA33: 1157 | AB33: 300 | AC33: 779 | AD33: 659 | AE33: 320 | AF33: 238 | AG33: 355 | AH33: 498 | AI33: 487 | AJ33: 436 | AK33: =SUM(C33:AJ33) -> 25855
A34: Saturday | B34: 44457 | C34: 2060 | E34: 656 | F34: 2670 | H34: 1315 | I34: 2520 | J34: 1590 | K34: 306 | L34: 1551 | M34: 1127 | O34: 610 | P34: 452 | Q34: 217 | R34: 745 | S34: 343 | T34: 1130 | U34: 291 | V34: 894 | W34: 1379 | X34: 875 | Y34: 1243 | Z34: 1016 | AA34: 921 | AB34: 498 | AC34: 930 | AD34: 848 | AE34: 392 | AF34: 416 | AG34: 456 | AH34: 724 | AI34: 700 | AJ34: 580 | AK34: =SUM(C34:AJ34) -> 29455
A35: Sunday | B35: 44458 | C35: 1643 | E35: 640 | F35: 1817 | H35: 1193 | I35: 1674 | J35: 1664 | K35: 300 | L35: 1881 | M35: 814 | O35: 555 | P35: 318 | Q35: 199 | R35: 618 | S35: 337 | T35: 1027 | U35: 300 | V35: 715 | W35: 1122 | X35: 825 | Y35: 1195 | Z35: 1128 | AA35: 933 | AB35: 413 | AC35: 711 | AD35: 749 | AE35: 410 | AF35: 336 | AG35: 408 | AH35: 641 | AI35: 549 | AJ35: 511 | AK35: =SUM(C35:AJ35) -> 25626
A36: Saturday | B36: 44464 | C36: 1847 | D36: 0 | E36: 775 | F36: 2809 | H36: 1532 | I36: 2357 | J36: 1298 | K36: 313 | L36: 1489 | M36: 1049 | O36: 652 | P36: 471 | Q36: 269 | R36: 702 | S36: 304 | T36: 1129 | U36: 348 | V36: 858 | W36: 1217 | X36: 1044 | Y36: 1151 | Z36: 1267 | AA36: 1083 | AB36: 448 | AC36: 964 | AD36: 900 | AE36: 386 | AF36: 385 | AG36: 496 | AH36: 707 | AI36: 639 | AJ36: 529 | AK36: =SUM(C36:AJ36) -> 29418
A37: Sunday | B37: 44465 | C37: 2377 | E37: 2511 | F37: 2029 | H37: 2224 | I37: 1777 | J37: 1920 | K37: 522 | L37: 1822 | M37: 1617 | O37: 712 | P37: 312 | Q37: 967 | R37: 871 | S37: 324 | T37: 1126 | U37: 724 | V37: 782 | W37: 1298 | X37: 1035 | Y37: 859 | Z37: 840 | AA37: 841 | AB37: 355 | AC37: 765 | AD37: 647 | AE37: 420 | AF37: 392 | AG37: 432 | AH37: 640 | AI37: 955 | AJ37: 869 | AK37: =SUM(C37:AJ37) -> 32965
A38: Totals | C38: =SUM(C30:C37) -> 14841 | D38: =SUM(D30:D37) -> 4583 | E38: =SUM(E30:E37) -> 6704 | F38: =SUM(F30:F37) -> 17951 | G38: =SUM(G30:G37) -> 0 | H38: =SUM(H30:H37) -> 11259 | I38: =SUM(I30:I37) -> 15913 | J38: =SUM(J30:J37) -> 14630 | ... AK38: =SUM(AK30:AK37) -> 232466
C41: NYC Ferry Monthly Totals | H41: Ridership by Landing | I41: Pier 11 | J41: BMB Slip 5 | K41: Pier 79 | L41: East 34th Street | M41: Total
C42: Total | F42: =SUM(AK25,AK38) -> 541631 | I42: =SUM(C25,C38,J25,J38,M25,M38,T25,T38,AA25,AI25,AI38,AA38) -> 126208 | J42: 0 | K42: =SUM(AG25,AG38) -> 9089 | L42: =SUM(I25,I38,V25,V38,AB25,AB38) -> 75913 | M42: =SUM(I42:L42) -> 211210
C43: Weekday Total | F43: =AK25 -> 309165
C44: Weekday Average | F44: =AVERAGE(AK3:AK24) -> 14052.955

Sheet NYWW (Port Imperial FC)
A1: Weekday | C1: Pier 11 | I1: BMB | J1: Pier 6 BBP Atlantic Ave | K1: Redhook / Ikea Shuttle | O1: World Financial Center/ BPT | R1: Pier 79 | Z1: Total
A2: Day | B2: Date | C2: Paulus Hook | D2: Liberty Harbor | E2: Hoboken | F2: Weehawken | G2: Belford | H2: Edgewater-Downtown | I2: Governors Island (GI Ferry Slip) | J2: Governors Island | K2: E34th St | L2: WFC/BPT | M2: Pier 11 | N2: Ikea Redhook | O2: Paulus Hook | P2: Hoboken | Q2: Weehawken Hoboken North | R2: Weehawken Midtown | S2: Lincoln Harbor | T2: Edgewater | U2: Hoboken North | V2: Lincoln Harbor - HoboN (WE) | W2: Paulus Hook | X2: Hoboken | Y2: Governors Island - Atlantic Basin
A3: Wednesday | B3: 44440 | C3: 149 | D3: 81 | E3: 156 | F3: 137 | G3: 439 | H3: 38 | I3: 863 | O3: 1032 | P3: 475 | Q3: 240 | R3: 1549 | T3: 85 | U3: 575 | V3: 238 | W3: 59 | X3: 28 | Z3: =SUM(C3:Y3) -> 6144
A4: Thursday | B4: 44441 | C4: 110 | D4: 76 | E4: 37 | F4: 131 | G4: 345 | H4: 113 | I4: 1669 | O4: 1562 | P4: 384 | Q4: 245 | R4: 1836 | T4: 63 | U4: 849 | V4: 345 | W4: 127 | X4: 37 | Z4: =SUM(C4:Y4) -> 7929
A5: Friday | B5: 44442 | C5: 113 | D5: 61 | E5: 73 | F5: 73 | G5: 310 | H5: 94 | I5: 5005 | O5: 1778 | P5: 650 | Q5: 125 | R5: 2173 | T5: 68 | U5: 883 | V5: 496 | W5: 77 | X5: 32 | Z5: =SUM(C5:Y5) -> 12011
A6: Monday | B6: 44445 | C6: 0 | D6: 0 | E6: 0 | F6: 0 | G6: 0 | H6: 0 | I6: 8595 | J6: 2547 | O6: 1388 | P6: 781 | Q6: 0 | R6: 2046 | T6: 0 | U6: 788 | V6: 0 | W6: 0 | X6: 0 | Z6: =SUM(C6:Y6) -> 16145
A7: Tuesday | B7: 44446 | C7: 232 | D7: 109 | E7: 204 | F7: 161 | G7: 604 | H7: 57 | I7: 3659 | O7: 1805 | P7: 785 | Q7: 320 | R7: 2202 | T7: 132 | U7: 1070 | V7: 322 | W7: 147 | X7: 41 | Z7: =SUM(C7:Y7) -> 11850
A8: Wednesday | B8: 44447 | C8: 201 | D8: 161 | E8: 207 | F8: 193 | G8: 609 | H8: 57 | I8: 3473 | O8: 2091 | P8: 995 | Q8: 389 | R8: 2299 | T8: 123 | U8: 1094 | V8: 396 | W8: 145 | X8: 52 | Z8: =SUM(C8:Y8) -> 12485
A9: Thursday | B9: 44448 | C9: 185 | D9: 145 | E9: 199 | F9: 138 | G9: 575 | H9: 63 | I9: 1334 | O9: 1779 | P9: 744 | Q9: 290 | R9: 2111 | T9: 115 | U9: 991 | V9: 327 | W9: 106 | X9: 38 | Z9: =SUM(C9:Y9) -> 9140
A10: Friday | B10: 44449 | C10: 186 | D10: 98 | E10: 140 | F10: 119 | G10: 389 | H10: 53 | I10: 4270 | O10: 1773 | P10: 914 | Q10: 218 | R10: 2492 | T10: 137 | U10: 1225 | V10: 465 | W10: 148 | X10: 49 | Z10: =SUM(C10:Y10) -> 12676
A11: Monday | B11: 44452 | C11: 221 | D11: 152 | E11: 119 | F11: 202 | G11: 579 | H11: 100 | I11: 3524 | O11: 1881 | P11: 924 | Q11: 461 | R11: 2332 | T11: 116 | U11: 1128 | V11: 443 | W11: 138 | X11: 68 | Z11: =SUM(C11:Y11) -> 12388
A12: Tuesday | B12: 44453 | C12: 287 | D12: 197 | E12: 135 | F12: 207 | G12: 602 | H12: 130 | I12: 3513 | O12: 2206 | P12: 1065 | Q12: 464 | R12: 2903 | T12: 167 | U12: 1435 | V12: 468 | W12: 188 | X12: 80 | Z12: =SUM(C12:Y12) -> 14047
A13: Wednesday | B13: 44454 | C13: 262 | D13: 201 | E13: 150 | F13: 248 | G13: 768 | H13: 96 | I13: 2987 | O13: 2069 | P13: 1032 | Q13: 448 | R13: 2619 | T13: 156 | U13: 1316 | V13: 355 | W13: 173 | X13: 62 | Z13: =SUM(C13:Y13) -> 12942
A14: Thursday | B14: 44455 | C14: 197 | D14: 190 | E14: 81 | F14: 200 | G14: 642 | H14: 79 | I14: 1700 | O14: 1932 | P14: 912 | Q14: 408 | R14: 2237 | T14: 121 | U14: 1059 | V14: 392 | W14: 131 | X14: 67 | Z14: =SUM(C14:Y14) -> 10348
A15: Friday | B15: 44456 | C15: 193 | D15: 96 | E15: 58 | F15: 155 | G15: 403 | H15: 73 | I15: 3285 | O15: 1610 | P15: 625 | Q15: 257 | R15: 2392 | T15: 81 | U15: 1077 | V15: 411 | W15: 120 | X15: 105 | Z15: =SUM(C15:Y15) -> 10941
A16: Monday | B16: 44459 | C16: 141 | D16: 108 | E16: 86 | F16: 213 | G16: 612 | H16: 117 | I16: 3407 | O16: 1959 | P16: 876 | Q16: 401 | R16: 2517 | T16: 134 | U16: 1291 | V16: 442 | W16: 169 | X16: 44 | Z16: =SUM(C16:Y16) -> 12517
A17: Tuesday | B17: 44460 | C17: 244 | D17: 168 | E17: 268 | F17: 228 | G17: 743 | H17: 97 | I17: 2582 | O17: 2338 | P17: 1249 | Q17: 434 | R17: 2791 | T17: 171 | U17: 1385 | V17: 586 | W17: 182 | X17: 67 | Z17: =SUM(C17:Y17) -> 13533
A18: Wednesday | B18: 44461 | C18: 264 | D18: 225 | E18: 80 | F18: 241 | G18: 780 | H18: 123 | I18: 3590 | O18: 2261 | P18: 995 | Q18: 471 | R18: 2648 | T18: 141 | U18: 1306 | V18: 533 | W18: 206 | X18: 88 | Z18: =SUM(C18:Y18) -> 13952
... A24: Thursday | B24: 44469 | C24: 250 | D24: 271 | E24: 302 | F24: 247 | G24: 711 | H24: 77 | I24: 3876 | O24: 2285 | P24: 997 | Q24: 511 | R24: 3143 | T24: 229 | U24: 1291 | V24: 689 | W24: 136 | X24: 90 | Z24: =SUM(C24:Y24) -> 15105
A25: Totals | C25: =SUM(C3:C24) -> 4328 | D25: =SUM(D3:D24) -> 3209 | E25: =SUM(E3:E24) -> 3391 | F25: =SUM(F3:F24) -> 3923 | G25: =SUM(G3:G24) -> 12485 | H25: =SUM(H3:H24) -> 2001 | I25: =SUM(I3:I24) -> 71429 | J25: =SUM(J3:J24) -> 2547 | ... Z25: =SUM(Z3:Z24) -> 266747
A28: Weekend | C28: Pier 11 | I28: BMB | J28: Pier 6 BBP Atlantic Ave | K28: Redhook / Ikea Shuttle | O28: World Financial Center/ BPT | R28: Pier 79 | Z28: Total
A29: Day | B29: Date | C29: Paulus Hook | D29: Liberty Harbor | E29: Hoboken | F29: Weehawken | G29: Belford | H29: Edgewater-Downtown | I29: Governors Island (GI Ferry Slip) | J29: Governors Island | K29: E34th St | L29: WFC/BPT | M29: Pier 11 | N29: Ikea Redhook | O29: Paulus Hook | P29: Hoboken | Q29: Weehawken Hoboken North | R29: Weehawken Midtown | S29: Lincoln Harbor | T29: Edgewater | U29: Hoboken North | V29: Lincoln Harbor - HoboN (WE) | W29: Paulus Hook | X29: Hoboken | Y29: Governors Island - Atlantic Basin
A30: Saturday | B30: 44443 | I30: 13517 | J30: 3030 | K30: 332 | L30: 120 | M30: 387 | N30: 726 | O30: 1472 | P30: 845 | R30: 2697 | U30: 1192 | Y30: 1354 | Z30: =SUM(C30:Y30) -> 25672
A31: Sunday | B31: 44444 | I31: 6801 | J31: 2158 | K31: 212 | L31: 123 | M31: 303 | N31: 573 | O31: 1083 | P31: 611 | R31: 1686 | U31: 699 | Y31: 911 | Z31: =SUM(C31:Y31) -> 15160
A32: Saturday | B32: 44450 | I32: 6323 | J32: 3209 | K32: 219 | L32: 60 | M32: 250 | N32: 493 | O32: 1750 | P32: 912 | R32: 2466 | U32: 1279 | Y32: 1592 | Z32: =SUM(C32:Y32) -> 18553
A33: Sunday | B33: 44451 | I33: 6189 | J33: 2381 | K33: 170 | L33: 77 | M33: 193 | N33: 386 | O33: 1403 | P33: 816 | R33: 2179 | U33: 876 | Y33: 967 | Z33: =SUM(C33:Y33) -> 15637
A34: Saturday | B34: 44457 | I34: 8397 | J34: 2661 | K34: 217 | L34: 81 | M34: 261 | N34: 452 | O34: 1360 | P34: 875 | R34: 2889 | S34: 1885 | V34: 1885 | Y34: 1114 | Z34: =SUM(C34:Y34) -> 22077
A35: Sunday | B35: 44458 | I35: 6842 | J35: 2101 | K35: 142 | L35: 79 | M35: 189 | N35: 313 | O35: 1997 | P35: 1040 | R35: 2590 | S35: 1576 | V35: 1576 | Y35: 1209 | Z35: =SUM(C35:Y35) -> 19654
A36: Saturday | B36: 44464 | I36: 6666 | J36: 1835 | K36: 147 | L36: 104 | M36: 261 | N36: 377 | O36: 1891 | P36: 1119 | R36: 3600 | S36: 2226 | V36: 2226 | Y36: 871 | Z36: =SUM(C36:Y36) -> 21323
A37: Sunday | B37: 44465 | C37: 0 | I37: 8496 | J37: 3768 | K37: 252 | L37: 338 | M37: 358 | N37: 429 | O37: 1655 | P37: 1303 | R37: 2376 | S37: 1530 | V37: 1530 | Y37: 2073 | Z37: =SUM(C37:Y37) -> 24108
A38: Totals | C38: =SUM(C30:C37) -> 0 | D38: =SUM(D30:D37) -> 0 | E38: =SUM(E30:E37) -> 0 | F38: =SUM(F30:F37) -> 0 | G38: =SUM(G30:G37) -> 0 | H38: =SUM(H30:H37) -> 0 | I38: =SUM(I30:I37) -> 63231 | J38: =SUM(J30:J37) -> 21143 | ... Z38: =SUM(Z30:Z37) -> 162184
C40: NY Waterway Monthly Totals | H40: Ridership by Landing | I40: Pier 11 | J40: BMB Slip 5 | K40: Pier 79 | L40: East 34th Street | M40: Total
C41: Total | F41: =Z25+Z38 -> 428931 | I41: =SUM(C25:H25, C38:H38,M25,M38) -> 31539 | J41: =SUM(I25,I38) -> 134660 | K41: =SUM(R25:Y25,R38:Y38) -> 143469 | L41: =SUM(K25,K38) -> 1691 | M41: =SUM(I41:L41) -> 311359
C42: Weekday Total | F42: =Z25 -> 266747
C43: Weekday Average | F43: =AVERAGE(Z3:Z24) -> 12124.864

Sheet SeaStreak
A1: Weekday | C1: BMB Slip #5 | F1: East 34th Street | I1: Total
A2: Day | B2: Date | C2: Atlantic Highlands | D2: Highlands | E2: Sandy Hook | F2: Atlantic Highlands | G2: Highlands | H2: Sandy Hook
A3: Wednesday | B3: 44440 | C3: =113+109 -> 222 | D3: =237+236 -> 473 | E3: 0 | F3: =81+93 -> 174 | G3: =206+209 -> 415 | H3: 0 | I3: =SUM(C3:H3) -> 1284
A4: Thursday | B4: 44441 | C4: =91+166 -> 257 | D4: =351+229 -> 580 | E4: 0 | F4: =100+197 -> 297 | G4: =259+387 -> 646 | H4: 0 | I4: =SUM(C4:H4) -> 1780
A5: Friday | B5: 44442 | C5: =105+172 -> 277 | D5: =417+189 -> 606 | E5: 18 | F5: =103+209 -> 312 | G5: =194+455 -> 649 | H5: 43 | I5: =SUM(C5:H5) -> 1905
A6: Monday | B6: 44445 | C6: 0 | D6: =117+472 -> 589 | E6: 360 | F6: 0 | G6: =460+128 -> 588 | H6: 451 | I6: =SUM(C6:H6) -> 1988
A7: Tuesday | B7: 44446 | C7: =169+128 -> 297 | D7: =263+356 -> 619 | E7: 21 | F7: =162+119 -> 281 | G7: =358+237 -> 595 | H7: 93 | I7: =SUM(C7:H7) -> 1906
A8: Wednesday | B8: 44447 | C8: =168+162 -> 330 | D8: =259+341 -> 600 | E8: 12 | F8: =167+154 -> 321 | G8: =331+268 -> 599 | H8: 4 | I8: =SUM(C8:H8) -> 1866
A9: Thursday | B9: 44448 | C9: =205+174 -> 379 | D9: =293+313 -> 606 | E9: 0 | F9: =149+150 -> 299 | G9: =271+248 -> 519 | H9: 0 | I9: =SUM(C9:H9) -> 1803
A10: Friday | B10: 44449 | C10: =132+191 -> 323 | D10: =315+241 -> 556 | E10: 18 | F10: =103+169 -> 272 | G10: =220+270 -> 490 | H10: 29 | I10: =SUM(C10:H10) -> 1688
A11: Monday | B11: 44452 | C11: =189+153 -> 342 | D11: =238+294 -> 532 | E11: 28 | F11: =175+133 -> 308 | G11: =305+225 -> 530 | H11: 35 | I11: =SUM(C11:H11) -> 1775
A12: Tuesday | B12: 44453 | C12: =251+207 -> 458 | D12: =360+364 -> 724 | E12: 0 | F12: =210+176 -> 386 | G12: =288+323 -> 611 | H12: 6 | I12: =SUM(C12:H12) -> 2185
A13: Wednesday | B13: 44454 | C13: =217+209 -> 426 | D13: =337+345 -> 682 | E13: 35 | F13: =186+193 -> 379 | G13: =321+337 -> 658 | H13: 52 | I13: =SUM(C13:H13) -> 2232
A14: Thursday | B14: 44455 | C14: =204+186 -> 390 | D14: =314+247 -> 561 | E14: 0 | F14: =137+156 -> 293 | G14: =272+279 -> 551 | H14: 0 | I14: =SUM(C14:H14) -> 1795
A15: Friday | B15: 44456 | C15: =96+134 -> 230 | D15: =298+241 -> 539 | E15: 0 | F15: =118+140 -> 258 | G15: =237+306 -> 543 | H15: 2 | I15: =SUM(C15:H15) -> 1572
A16: Monday | B16: 44459 | C16: =224+184 -> 408 | D16: =260+297 -> 557 | E16: 12 | F16: =195+158 -> 353 | G16: =309+260 -> 569 | H16: 14 | I16: =SUM(C16:H16) -> 1913
A17: Tuesday | B17: 44460 | C17: =290+252 -> 542 | D17: =370+343 -> 713 | E17: 2 | F17: =205+206 -> 411 | G17: =327+291 -> 618 | H17: 29 | I17: =SUM(C17:H17) -> 2315
A18: Wednesday | B18: 44461 | C18: =240+250 -> 490 | D18: =334+335 -> 669 | E18: 0 | F18: =229+214 -> 443 | G18: =293+296 -> 589 | H18: 2 | I18: =SUM(C18:H18) -> 2193
A19: Thursday | B19: 44462 | C19: =232+185 -> 417 | D19: =308+344 -> 652 | E19: 0 | F19: =163+169 -> 332 | G19: =279+284 -> 563 | H19: 0 | I19: =SUM(C19:H19) -> 1964
A20: Friday | B20: 44463 | C20: =118+170 -> 288 | D20: =283+252 -> 535 | E20: 1 | F20: =108+170 -> 278 | G20: =212+255 -> 467 | H20: 0 | I20: =SUM(C20:H20) -> 1569
A21: Monday | B21: 44466 | C21: =217+175 -> 392 | D21: =249+301 -> 550 | E21: 0 | F21: =178+180 -> 358 | G21: =301+251 -> 552 | H21: 0 | I21: =SUM(C21:H21) -> 1852
A22: Tuesday | B22: 44467 | C22: =259+223 -> 482 | D22: =287+344 -> 631 | E22: 0 | F22: =188+195 -> 383 | G22: =296+276 -> 572 | H22: 0 | I22: =SUM(C22:H22) -> 2068
A23: Wednesday | B23: 44468 | C23: =222+210 -> 432 | D23: =322+288 -> 610 | E23: 0 | F23: =203+188 -> 391 | G23: =304+300 -> 604 | H23: 0 | I23: =SUM(C23:H23) -> 2037
A24: Thursday | B24: 44469 | C24: =252+244 -> 496 | D24: =296+305 -> 601 | E24: 0 | F24: =174+212 -> 386 | G24: =317+266 -> 583 | H24: 0 | I24: =SUM(C24:H24) -> 2066
A25: Totals | C25: =SUM(C3:C24) -> 7878 | D25: =SUM(D3:D24) -> 13185 | E25: =SUM(E3:E24) -> 507 | F25: =SUM(F3:F24) -> 6915 | G25: =SUM(G3:G24) -> 12511 | H25: =SUM(H3:H24) -> 760 | I25: =SUM(I3:I24) -> 41756
A27: Weekend | C27: BMB Slip #5 | F27: East 34th Street | I27: Total
A28: Day | B28: Date | C28: Atlantic Highlands | D28: Highlands | E28: Sandy Hook | F28: Atlantic Highlands | G28: Highlands | H28: Sandy Hook
A29: Saturday | B29: 44443 | C29: 0 | D29: =385+117 -> 502 | E29: 455 | F29: 0 | G29: =243+350 -> 593 | H29: 475 | I29: =SUM(C29:H29) -> 2025
A30: Sunday | B30: 44444 | C30: 0 | D30: =266+183 -> 449 | E30: 135 | F30: 0 | G30: =343+239 -> 582 | H30: 114 | I30: =SUM(C30:H30) -> 1280
A31: Saturday | B31: 44450 | C31: 0 | D31: =331+279 -> 610 | E31: 175 | F31: 0 | G31: =154+138 -> 292 | H31: 71 | I31: =SUM(C31:H31) -> 1148
A32: Sunday | B32: 44451 | C32: 0 | D32: =224+222 -> 446 | E32: 388 | F32: 0 | G32: =369+163 -> 532 | H32: 427 | I32: =SUM(C32:H32) -> 1793
A33: Saturday | B33: 44457 | C33: 0 | D33: =355+236 -> 591 | E33: 225 | F33: 0 | G33: =258+248 -> 506 | H33: 174 | I33: =SUM(C33:H33) -> 1496
A34: Sunday | B34: 44458 | C34: 0 | D34: =251+240 -> 491 | E34: 231 | F34: 0 | G34: =405+252 -> 657 | H34: 255 | I34: =SUM(C34:H34) -> 1634
A35: Saturday | B35: 44464 | C35: 0 | D35: =276+293 -> 569 | E35: 109 | F35: 0 | G35: =232+262 -> 494 | H35: 69 | I35: =SUM(C35:H35) -> 1241
A36: Sunday | B36: 44465 | C36: 0 | D36: =343+279 -> 622 | E36: 84 | F36: 0 | G36: =371+193 -> 564 | H36: 121 | I36: =SUM(C36:H36) -> 1391
A37: Totals | C37: =SUM(C29:C36) -> 0 | D37: =SUM(D29:D36) -> 4280 | E37: =SUM(E29:E36) -> 1802 | F37: =SUM(F29:F36) -> 0 | G37: =SUM(G29:G36) -> 4220 | H37: =SUM(H29:H36) -> 1706 | I37: =SUM(I29:I36) -> 12008
C39: SeaStreak Monthly Totals | H39: Ridership by Landing | I39: Pier 11 | J39: BMB Slip 5 | K39: Pier 79 | L39: East 34th Street | M39: Total
C40: Total | F40: =I25+I37 -> 53764 | I40: 0 | J40: =SUM(C37:E37,C25:E25) -> 27652 | K40: 0 | L40: =SUM(F25:H25,F37:H37) -> 26112 | M40: =SUM(I40:L40) -> 53764
C41: Weekday Total | F41: =I25 -> 41756
C42: Weekday Average | F42: =AVERAGE(I3:I24) -> 1898

Sheet New York Water Taxi
A1: Weekday | C1: NYU / Langone Shuttle | E1: Total
A2: Day | B2: Date | C2: E 34 St | D2: Sunset Park /BAT
A3: Wednesday | B3: 44440 | C3: 147 | D3: 184 | E3: =SUM(C3:D3) -> 331
A4: Thursday | B4: 44441 | C4: 166 | D4: 250 | E4: =SUM(C4:D4) -> 416
A5: Friday | B5: 44442 | C5: 139 | D5: 122 | E5: =SUM(C5:D5) -> 261
A6: Monday | B6: 44445 | C6: 0 | D6: 0 | E6: =SUM(C6:D6) -> 0
A7: Tuesday | B7: 44446 | C7: 154 | D7: 140 | E7: =SUM(C7:D7) -> 294
A8: Wednesday | B8: 44447 | C8: 178 | D8: 165 | E8: =SUM(C8:D8) -> 343
A9: Thursday | B9: 44448 | C9: 154 | D9: 144 | E9: =SUM(C9:D9) -> 298
A10: Friday | B10: 44449 | C10: 160 | D10: 137 | E10: =SUM(C10:D10) -> 297
A11: Monday | B11: 44452 | C11: 180 | D11: 157 | E11: =SUM(C11:D11) -> 337
A12: Tuesday | B12: 44453 | C12: 181 | D12: 173 | E12: =SUM(C12:D12) -> 354
A13: Wednesday | B13: 44454 | C13: 166 | D13: 154 | E13: =SUM(C13:D13) -> 320
A14: Thursday | B14: 44455 | C14: 151 | D14: 147 | E14: =SUM(C14:D14) -> 298
... A24: Thursday | B24: 44469 | C24: 172 | D24: 158 | E24: =SUM(C24:D24) -> 330
A25: Totals | C25: =SUM(C3:C24) -> 3544 | D25: =SUM(D3:D24) -> 3428 | E25: =SUM(E3:E24) -> 6972
A28: Weekend | C28: NYU / Langone Shuttle | E28: Total
A29: Day | B29: Date | C29: E 34 St | D29: Sunset Park /BAT
A30: Saturday | B30: 44443 | C30: 0 | D30: 0 | E30: =SUM(C30:D30) -> 0
A31: Sunday | B31: 44444 | C31: 0 | D31: 0 | E31: =SUM(C31:D31) -> 0
A32: Saturday | B32: 44450 | C32: 0 | D32: 0 | E32: =SUM(C32:D32) -> 0
A33: Sunday | B33: 44451 | C33: 0 | D33: 0 | E33: =SUM(C33:D33) -> 0
A34: Saturday | B34: 44457 | C34: 0 | D34: 0 | E34: =SUM(C34:D34) -> 0
A35: Sunday | B35: 44458 | C35: 0 | D35: 0 | E35: =SUM(C35:D35) -> 0
A36: Saturday | B36: 44464 | C36: 0 | D36: 0 | E36: =SUM(C36:D36) -> 0
A37: Sunday | B37: 44465 | C37: 0 | D37: 0 | E37: =SUM(C37:D37) -> 0
A38: Totals | C38: =SUM(C30:C37) -> 0 | D38: =SUM(D30:D37) -> 0 | E38: =SUM(E30:E37) -> 0
B41: NY Water Taxi Monthly Totals | G41: Ridership by Landing | H41: Pier 11 | I41: BMB Slip 5 | J41: Pier 79 | K41: East 34th Street | L41: Total
B42: Total | E42: =E25+E38 -> 6972 | H42: 0 | I42: 0 | J42: 0 | K42: =C25 -> 3544 | L42: =SUM(H42:K42) -> 3544
B43: Weekday Total | E43: =E25 -> 6972
B44: Weekday Average | E44: =AVERAGE(E3:E24) -> 316.90909

Sheet Liberty Landing Ferry
A1: Weekday | C1: World Financial Center
A2: Day | B2: Date | C2: Liberty Landing Ferry
A3: Wednesday | B3: 44440 | C3: 203
A4: Thursday | B4: 44441 | C4: 413
A5: Friday | B5: 44442 | C5: 532
A6: Monday | B6: 44445 | C6: 114
A7: Tuesday | B7: 44446 | C7: 374
A8: Wednesday | B8: 44447 | C8: 430
A9: Thursday | B9: 44448 | C9: 333
A10: Friday | B10: 44449 | C10: 464
A11: Monday | B11: 44452 | C11: 420
A12: Tuesday | B12: 44453 | C12: 457
A13: Wednesday | B13: 44454 | C13: 416
A14: Thursday | B14: 44455 | C14: 432
... A22: Tuesday | B22: 44467 | C22: 364
A23: Wednesday | B23: 44468 | C23: 0 | D23: Closed for maintenance
A24: Thursday | B24: 44469 | C24: 0
A25: Total | C25: =SUM(C3:C24) -> 7933
A27: Weekend | C27: World Financial Center
A28: Day | B28: Date | C28: Liberty Landing Ferry
A29: Saturday | B29: 44443 | C29: 630
A30: Sunday | B30: 44444 | C30: 488
A31: Saturday | B31: 44450 | C31: 727
A32: Sunday | B32: 44451 | C32: 638
A33: Saturday | B33: 44457 | C33: 641
A34: Sunday | B34: 44458 | C34: 699
A35: Saturday | B35: 44464 | C35: 790
A36: Sunday | B36: 44465 | C36: 775
A37: Total | C37: =SUM(C29:C36) -> 5388
A39: Liberty Landing Ferry Monthly Totals | E39: Ridership by Landing | F39: Pier 11 | G39: BMB Slip 5 | H39: Pier 79 | I39: East 34th Street | J39: Total
A40: Total | C40: =C25+C37 -> 13321 | F40: 0 | G40: 0 | H40: 0 | I40: 0 | J40: 0
A41: Weekday Total | C41: =C25 -> 7933
A42: Weekday Average | C42: =AVERAGE(C3:C24) -> 360.59091
